<?xml version="1.0" encoding="UTF-8"?>
<metadata xml:lang="es"><Esri><CreaDate>20231121</CreaDate><CreaTime>16320100</CreaTime><ArcGISFormat>1.0</ArcGISFormat><SyncOnce>TRUE</SyncOnce><DataProperties><lineage><Process ToolSource="c:\program files (x86)\arcgis\desktop10.8\ArcToolbox\Toolboxes\Data Management Tools.tbx\CalculateField" Date="20230803" Time="163355">CalculateField Alturas_edificaciones Pisos [Pisos_2] VB #</Process><Process ToolSource="c:\program files (x86)\arcgis\desktop10.8\ArcToolbox\Toolboxes\Data Management Tools.tbx\CalculateField" Date="20230803" Time="163451">CalculateField Alturas_edificaciones Metros [Pisos]*2.5 VB #</Process><Process ToolSource="c:\program files (x86)\arcgis\desktop10.8\ArcToolbox\Toolboxes\Data Management Tools.tbx\CalculateField" Date="20230803" Time="163916">CalculateField Alturas_edificaciones Metros [Pisos]*2.3 VB #</Process></lineage></DataProperties><ArcGISstyle>XTools Pro Metadata</ArcGISstyle></Esri></metadata>
